Справочник партий,Конец,14.02.2024 01:42:09,успешен
Справочник партий,Вход в систему,DD.02.YYYY 02:46:04,успешен
Справочник партий,Справочник партий открыт,14.02.2024 02:46:06,успешен
Справочник партий,Диалог добавления партии запущен,14.02.2024 02:46:15,успешен
Справочник партий,Конец,14.02.2024 02:46:23,успешен
Справочник партий,Вход в систему,DD.02.YYYY 02:48:22,успешен
Справочник партий,Справочник партий открыт,14.02.2024 02:48:25,успешен
Справочник партий,Диалог добавления партии запущен,14.02.2024 02:48:34,успешен
Справочник партий,Конец,14.02.2024 02:48:41,успешен
Справочник партий,Вход в систему,DD.02.YYYY 03:22:26,успешен
Справочник партий,Справочник партий открыт,14.02.2024 03:22:29,успешен
Справочник партий,Диалог добавления партии запущен,14.02.2024 03:22:38,успешен
Справочник партий,Конец,14.02.2024 03:23:09,успешен
Справочник партий,Вход в систему,DD.02.YYYY 03:31:37,успешен
Справочник партий,Справочник партий открыт,14.02.2024 03:31:40,успешен
Справочник партий,Диалог добавления партии запущен,14.02.2024 03:31:49,успешен
Справочник партий,Вход в систему,DD.02.YYYY 03:33:31,успешен
Справочник партий,Справочник партий открыт,14.02.2024 03:33:33,успешен
Справочник партий,Диалог добавления партии запущен,14.02.2024 03:33:43,успешен
Справочник партий,Конец,14.02.2024 03:33:50,успешен
Справочник партий,Вход в систему,DD.02.YYYY 03:35:47,успешен
Справочник партий,Справочник партий открыт,14.02.2024 03:35:49,успешен
Справочник партий,Диалог добавления партии запущен,14.02.2024 03:35:58,успешен
Справочник партий,Конец,14.02.2024 03:36:06,успешен
